{
  "tokens":[
    {"app_id":"458030681063798","app_secret":"df5d23275894ddc33709f77f9bb459ca","user_access_token":"EAAGgk5QKgXYBAFuZAsZAAx14En5kwM33ZBbq9Xr2ceKFHOsquqmdXbxBJeZB3gLWoceihx9dfimV4nT3cB7NhZA0o07K8WZCSah30OkhVMOleuXKrZBC6014bZBaLqY1hoGxFQeTZAYdyaEUCOMeWuVtnr3ZAryTBZAZAJgZD","user_id":"10153685774295460"},
    {"app_id":"318670862349192","app_secret":"d1e12f933cc9406ec568dbc1910eb1b4","user_access_token":"EAAEh1FeM84gBAAFZBkbcB8GZBQgiPqA2MJvU3hZB7rF8vSlRmPZCzYbx3juNYwsNZCAXxye7Su4ahV3iJ5Ua4HGkdkkGEkVZBqnHCDEyUYUbZCuB4xtJwPuGwq3U5kQMBLhRctHR4DIJUTQQoKMSvfpRZBL4hJqZB3RGRVj6wXGmOawZDZD","user_id":"10159075734260460"}
  ]
}
