{
  "tokens":[{"consumer_key":"ro2nAkJLTr0Wi8iEhSDJmMpEs", "consumer_secret":"VRoikvLhYFp7zusmjdi71LMoYwiBWuY0bfPCQCrIZPqArMO3Vm", "access_token_key":"2421813812-jzR2t7nFa6O4LxCkYe9In3LaMrqnnfvRYVh7Pb5", "access_token_secret":"Ftbfk6tP1Pl9QLox2LWbqZfGqtdNHdmCpb3yTABPg82cc"},
        {"consumer_key":"g4g6Ck22534qPqF974xavMiR2", "consumer_secret":"CdMqd1u1Jl7R5gBh0xPTzCMp3ETENyWp8Nyt9bj78PNOj1XfrJ", "access_token_key":"2421813812-IcPZHku7WpC0hsKpPrAkaMGHRxixJJBPDSdYSdO", "access_token_secret":"trLAzM6VRTplSIJvQrr16msTg6j65Wf5GG1u8apDXtHAw"},
        {"consumer_key":"CVer93Ki2T4vyePjmzL4ZjVWa", "consumer_secret":"88kuJ7lp43SddnYZGwJRrSOlcz1E8vSJdGcb8OFA4Fi10UxQ0E", "access_token_key":"2421813812-BAYuIFvTCK5X0yZUR6dsP8c4176X4KrtwW6VikW", "access_token_secret":"aUUbtZVKj67dj4qO6MxdQ58aZ4dGqXCyPgrohDzfsiHmO"},
        {"consumer_key":"Yo5HS7CEiLrNGFe2SfVQgYvIu", "consumer_secret":"RGY7ByoFzQNvquAeYNRY8DFJWSQ5tuNvqS8kwB2LJeJBkjqfNh", "access_token_key":"2421813812-UmLstSrKZBQA3DHjHpOhScXoMR7JN7F3NLiynxO", "access_token_secret":"aXkuoXH00kwTEc90b3gE6bhtRczP9lI84WucXdMhj9AYz"},
        {"consumer_key":"3KH1XuZKwbwelSks5fUYPQ304", "consumer_secret":"sOCIlXg2OdTG8AykNYrAKT5cKpxnaXNyc2RkGQePgtCVXEkD9C", "access_token_key":"2421813812-rbDdQL1RQOCGkVhJk9Wk0Jv0MlRmIDeCuBOIv5W", "access_token_secret":"SlSGAx5vCkpnjvypTwk1zs90af8AriyrYqwvqmy36xP2X"},
        {"consumer_key":"NQ0hjLOTE1pq6nXflVRbzt7t9", "consumer_secret":"fUDo0pzzBJHp5WZvP78XC1F172Re0gfbTUQ6MsPFyFXQkdo1PO", "access_token_key":"2421813812-CUY0CHAVY0GHboI4FTpaVMt4ogqWdlEh1HBpAdT", "access_token_secret":"3nBl7VUV2I1jWyRtcnLL0wu8Q4undAxotWHuxOIk7dpwH"},
        {"consumer_key":"MEEX478kLnIRPgwtWeUuwYfcD", "consumer_secret":"ZfVu95BfUSlvNMB1XneTbxo2KAtCIZG5Xv3IGXC98Mey1kbTTS", "access_token_key":"2421813812-siHmt0jOtAkdtXYsBtPcZuEQgrArTIOIcYhRfb4", "access_token_secret":"ZQuFl6BUe4v61kJ4lkwhhSYM6g9jqe2NK0nwP1kvARO0R"},
        {"consumer_key":"IvzAekuSLQL89zWW7UwCIhDx8", "consumer_secret":"zFkkL0A2g8JeMs3zal53GGm0CjDhjmaURlgZL1Da8zOkQ04QsL", "access_token_key":"2421813812-Y27SCHMDkL7uOrY7C7YTs2tYzlWalXIZbRh7fJm", "access_token_secret":"tYcjCemGrf4ZCN4t2H3XuXdMGlcY4QjTm1H1MUxQ8cLyY"},
        {"consumer_key":"1ZMJamiF2K5z1jUtce0uvDu2J", "consumer_secret":"IpOVb1KrKvnOr7bslAEuvdG12x7rW7vWi9CdGV2LFsV5VbsI2l", "access_token_key":"2421813812-gs72YSWVg8OrjCyAWbnHxXnNKpJv32pvALfNlMw", "access_token_secret":"Lz5L36rbwbW1JRUDkD7ZlxaeMXtkPzgRHKHKpJB8TBSB2"},
        {"consumer_key":"nUhN0Qc0yo8kOPNbZzHcwzwoi", "consumer_secret":"GjxulRA9fC57JHjEHDuDTvpGM1mUsR1xwbxQ8VtfqOODVN9Pqo", "access_token_key":"2421813812-CH5XOqpQyDYSUr98FIyVn1cxuJvwAdOWrsHYSAA", "access_token_secret":"3SFJtq916NLJCm5i3OfGZ8NSitdUNkjjTGd4GD3etkRdA"},
        {"consumer_key":"0iail7k4cKncQsVQOlU4G5Bcl", "consumer_secret":"rYEJkd7oJm3TNP1bKbQnwSKWZcxKo0mndVJLwyuSEjnT9PCXHP", "access_token_key":"2421813812-nOuL8nuCEa4MF3Y3ByeQskClt2GtxwZPBfDL6pW", "access_token_secret":"DAySaYTxdYAWIzbOwDfA2kScWXabuMObJHdMoWzdrtiJo"},
        {"consumer_key":"2yM1ptWOvXtYXjKmNh5eFrPqF", "consumer_secret":"F3e424jhCWYJvzlYPY5DS2e0dXHab94NA4Vps6KV0NwjVZa6Ai", "access_token_key":"2421813812-Orm0UeRgiEl8qpyqXI4zjmJmLvFzJyglZKyMemS", "access_token_secret":"1zEDhn0iN6EK1VNrjdaiGzllZLQivRSoPlz5jXC5rD0ZS"},
        {"consumer_key":"VpHfRRa2D8aZizbYwYgaaSgMO", "consumer_secret":"ouaBkBIGJF8gmi6pp3HeJeDjmJ8JdfC53SA1a3z3YuOJ9NlqXd", "access_token_key":"2421813812-rE4umktnmmrR420FZmXrYcpQokX0mmvmRwh0yWM", "access_token_secret":"LpQ6Es85zNupP9lyhrEfNPribpm5HcLmZ6iSzmxphTKfx"},
        {"consumer_key":"LXI6Te20aboeiQiy254Mexsj8", "consumer_secret":"6IFdMLpXpHeC01IUPFSyarKnmagO7T7HhrESl3pMBk7O8jcPFO", "access_token_key":"2421813812-bk4LKMwNzXYKiB6t5cg4Rc4C0hyd5459YvOVesX", "access_token_secret":"V5cGkmFK3LVOYrBuFsCd3ebWFQ2lxUwfv1JTwC8UqbtkC"}]
}
